City_ID,City,Lat,Lng,Max Temp,Humidity,Cloudiness,Wind Speed,Country,Date
0,busselton,-33.65,115.3333,11.65,82,0,4.55,AU,1679859247
1,lompoc,34.6391,-120.4579,17.79,60,0,6.69,US,1679859248
2,zhigansk,66.7697,123.3711,-8.54,94,100,11.5,RU,1679859248
3,tasiilaq,65.6145,-37.6368,-10.91,81,19,1.51,GL,1679859248
4,lagoa,39.05,-27.9833,13.87,86,100,11.74,PT,1679859249
5,mataura,-46.1927,168.8643,13.04,69,99,2.94,NZ,1679859249
6,yellowknife,62.456,-114.3525,-17.47,55,0,1.03,CA,1679859126
7,prince rupert,54.3161,-130.3201,7.05,53,0,1.54,CA,1679859111
8,avdiyivka,48.1399,37.7426,8.87,86,100,3.73,UA,1679859250
9,joao camara,-5.5375,-35.8197,25.78,81,88,4.17,BR,1679859250
10,koygorodok,60.445,50.9968,0.79,99,100,1.18,RU,1679859251
11,ushuaia,-54.8,-68.3,8.81,57,40,7.72,AR,1679859251
12,aklavik,68.2191,-135.0107,-6.0,42,40,3.6,CA,1679859251
13,longyearbyen,78.2186,15.6401,-15.09,72,20,3.09,SJ,1679859252
14,vaini,-21.2,-175.2,25.09,100,100,4.12,TO,1679859252
15,east london,-33.0153,27.9116,18.67,63,99,7.56,ZA,1679859253
16,kaitangata,-46.2817,169.8464,11.26,75,99,3.05,NZ,1679859253
17,albany,42.6001,-73.9662,13.1,35,13,1.34,US,1679859253
18,mar del plata,-38.0023,-57.5575,18.79,63,0,4.12,AR,1679859254
19,saskylakh,71.9167,114.0833,-14.15,96,100,5.1,RU,1679859254
20,narsaq,60.9167,-46.05,3.12,71,100,2.05,GL,1679859254
21,bluff,-46.6,168.3333,13.22,80,100,8.9,NZ,1679859255
22,arraial do cabo,-22.9661,-42.0278,32.98,58,20,8.23,BR,1679859068
23,tabou,4.423,-7.3528,26.76,83,100,3.92,CI,1679859255
24,tuktoyaktuk,69.4541,-133.0374,-13.0,72,75,7.2,CA,1679859256
25,bataipora,-22.2953,-53.2711,26.97,83,99,2.21,BR,1679859256
26,saint-philippe,-21.3585,55.7679,24.77,83,81,5.44,RE,1679859256
27,saint-augustin,51.226,-58.6502,1.25,80,100,3.61,CA,1679859257
28,barrow,71.2906,-156.7887,-3.99,100,75,12.86,US,1679859257
29,wenshang,35.7275,116.4961,6.62,64,2,2.88,CN,1679859258
30,palmer,42.1584,-72.3287,15.18,34,20,7.72,US,1679859258
31,bambous virieux,-20.3428,57.7575,26.14,83,75,5.14,MU,1679859259
32,rikitea,-23.1203,-134.9692,26.06,77,22,4.98,PF,1679859259
33,khasan,42.4308,130.6434,0.69,50,0,2.51,RU,1679859259
34,vasilati,44.2878,26.4475,14.69,66,16,3.04,RO,1679859260
35,trinidad,-14.8333,-64.9,27.99,83,75,3.09,BO,1679859260
36,pandan,14.0453,124.1694,24.68,85,4,2.79,PH,1679859260
37,mwanza,-2.5167,32.9,22.03,83,75,0.0,TZ,1679859261
38,atuona,-9.8,-139.0333,27.15,79,86,6.75,PF,1679859262
39,guadalupe y calvo,26.1,-106.9667,19.23,9,32,5.42,MX,1679859263
40,provideniya,64.3833,-173.3,-5.14,96,100,5.95,RU,1679859263
41,honolulu,21.3069,-157.8583,25.9,73,70,0.89,US,1679859031
42,norman wells,65.282,-126.8329,-7.98,62,20,2.06,CA,1679859264
43,puerto palomas,31.7667,-107.6167,17.72,13,0,7.89,MX,1679859264
44,carnarvon,-24.8667,113.6333,22.73,73,1,7.44,AU,1679859265
45,juneau,58.3019,-134.4197,3.0,82,20,3.6,US,1679859011
46,khatanga,71.9667,102.5,-20.67,98,98,3.07,RU,1679859265
47,kozhevnikovo,56.2589,83.9714,1.05,93,100,4.77,RU,1679859266
48,airai,-8.9266,125.4092,14.88,92,95,0.86,TL,1679859266
49,aboso,5.3617,-1.9473,25.73,82,100,2.35,GH,1679859266
50,noumea,-22.2763,166.4572,26.67,99,34,1.35,NC,1679859007
51,kapaa,22.0752,-159.319,26.18,72,0,5.14,US,1679859267
52,chokurdakh,70.6333,147.9167,-27.3,100,100,3.57,RU,1679859267
53,dikson,73.5069,80.5464,-26.83,100,100,2.23,RU,1679859268
54,clyde river,70.4692,-68.5914,-24.87,77,100,1.03,CA,1679859268
55,gat,31.61,34.7642,15.78,100,0,0.72,IL,1679859270
56,port elizabeth,-33.918,25.5701,16.17,93,75,3.09,ZA,1679859270
57,te anau,-45.4167,167.7167,11.97,92,100,2.84,NZ,1679859271
58,rudbar,30.15,62.6,22.23,20,2,3.13,AF,1679859271
59,hermanus,-34.4187,19.2345,14.89,70,3,7.91,ZA,1679859272
60,pevek,69.7008,170.3133,-18.89,88,100,6.44,RU,1679859272
61,bethel,41.3712,-73.414,16.61,28,0,5.14,US,1679859272
62,severo-kurilsk,50.6789,156.125,-2.37,63,100,2.36,RU,1679859273
63,mattru,7.6244,-11.8332,27.03,67,72,2.9,SL,1679859273
64,lixourion,38.2019,20.4314,15.0,82,20,0.0,GR,1679859273
65,bac lieu,9.285,105.7244,26.23,77,98,2.77,VN,1679859274
66,new norfolk,-42.7826,147.0587,12.73,71,98,0.82,AU,1679859274
67,nemuro,43.3236,145.575,1.2,98,100,11.32,JP,1679859274
68,nanortalik,60.1432,-45.2371,1.43,75,100,1.98,GL,1679859275
69,puerto ayora,-0.7393,-90.3518,31.98,82,100,2.68,EC,1679859275
70,xinxiang,35.3089,113.8672,8.48,57,0,2.66,CN,1679859275
71,amol,36.4696,52.3507,13.4,62,100,0.41,IR,1679859276
72,husavik,66.0449,-17.3389,-5.16,94,100,2.19,IS,1679859276
73,georgetown,5.4112,100.3354,25.97,94,40,2.06,MY,1679859277
74,sur,22.5667,59.5289,24.55,71,0,7.37,OM,1679859277
75,grand-santi,4.25,-54.3833,26.24,87,74,1.72,GF,1679859277
76,kavieng,-2.5744,150.7967,27.65,72,10,6.47,PG,1679859278
77,qaqortoq,60.7167,-46.0333,0.25,73,100,2.4,GL,1679859278
78,sao joao da barra,-21.6403,-41.0511,31.05,81,21,6.73,BR,1679859278
79,castro,-24.7911,-50.0119,22.6,86,75,2.5,BR,1679859279
80,vinh long,10.25,105.9667,23.99,86,8,2.38,VN,1679859279
81,mahebourg,-20.4081,57.7,26.16,83,75,5.14,MU,1679859280
82,isabela,6.7085,121.9711,26.32,81,73,1.12,PH,1679859280
83,jamestown,42.097,-79.2353,11.96,42,0,9.26,US,1679859164
84,broken hill,-31.95,141.4333,24.01,22,100,3.51,AU,1679859280
85,fortuna,40.5982,-124.1573,9.81,67,20,3.6,US,1679858735
86,dzaoudzi,-12.7887,45.2699,27.94,78,40,3.09,YT,1679859281
87,ponta do sol,32.6667,-17.1,21.51,71,15,3.84,PT,1679859281
88,tonekabon,36.8163,50.8738,13.97,66,100,0.65,IR,1679859281
89,prado,-17.3411,-39.2208,27.24,77,49,3.9,BR,1679859282
90,nuuk,64.1835,-51.7216,-1.66,54,40,3.09,GL,1679859282
91,satun,6.8333,100.0,22.0,76,48,0.91,TH,1679859282
92,punta arenas,-53.15,-70.9167,8.01,81,75,6.69,CL,1679859283
93,esperance,-33.8667,121.9,16.64,70,62,5.27,AU,1679859064
94,papetoai,-17.4961,-149.8729,29.77,70,90,3.57,PF,1679859283
95,qaanaaq,77.484,-69.3632,-21.72,67,0,2.38,GL,1679859284
96,buraydah,26.326,43.975,20.25,36,0,7.62,SA,1679859025
97,mount gambier,-37.8333,140.7667,12.17,95,100,2.48,AU,1679859284
98,krasnoselkup,65.7,82.4667,-7.41,96,100,3.41,RU,1679859285
99,ukiah,39.1502,-123.2078,11.91,47,0,2.24,US,1679859285
100,lata,40.1629,-8.3327,8.91,85,9,1.23,PT,1679859286
101,tual,-5.6667,132.75,27.81,80,100,5.7,ID,1679859286
102,hilo,19.7297,-155.09,23.68,83,100,4.02,US,1679859286
103,band,46.5833,24.3833,5.77,70,40,0.51,RO,1679859287
104,welkom,-27.9864,26.7066,18.49,30,0,3.11,ZA,1679859287
105,kavaratti,10.5669,72.642,27.36,68,24,4.97,IN,1679859287
106,hervey bay,-25.2986,152.8535,23.96,74,27,2.57,AU,1679859017
107,kristianstad,56.0313,14.1524,2.08,87,100,5.14,SE,1679859288
108,cape town,-33.9258,18.4232,17.29,71,0,4.92,ZA,1679859071
109,bilibino,68.0546,166.4372,-21.93,99,100,3.27,RU,1679859288
110,vigrestad,58.5667,5.7,3.1,56,23,9.15,NO,1679859289
111,bathsheba,13.2167,-59.5167,29.34,54,40,10.8,BB,1679859289
112,lalibela,12.0333,39.0333,19.35,51,100,2.75,ET,1679859289
113,aswan,24.0934,32.907,23.61,23,0,8.23,EG,1679859290
114,hay river,60.8156,-115.7999,-18.02,59,75,3.6,CA,1679859011
115,koslan,63.4564,48.8989,-15.75,99,81,1.51,RU,1679859290
116,codrington,-38.2667,141.9667,13.18,89,100,3.21,AU,1679859291
117,hithadhoo,-0.6,73.0833,27.99,73,61,2.36,MV,1679859291
118,bredasdorp,-34.5322,20.0403,16.25,56,50,5.8,ZA,1679859292
119,biak,-0.9131,122.8766,24.08,88,100,1.76,ID,1679859293
120,ancud,-41.8697,-73.8203,14.75,61,6,3.34,CL,1679859293
121,arlington,32.7357,-97.1081,26.59,36,0,2.57,US,1679859137
122,yar-sale,66.8333,70.8333,-7.13,95,99,5.34,RU,1679859294
123,huarmey,-10.0681,-78.1522,27.06,69,82,5.62,PE,1679859294
124,cidreira,-30.1811,-50.2056,24.25,69,3,6.7,BR,1679859115
125,paamiut,61.994,-49.6678,-2.63,60,100,1.97,GL,1679859295
126,havre-saint-pierre,50.2334,-63.5986,1.2,75,75,6.17,CA,1679859002
127,the valley,18.217,-63.0578,28.92,57,20,7.72,AI,1679859295
128,san cristobal,7.7669,-72.225,24.1,44,90,2.87,VE,1679859296
129,port alfred,-33.5906,26.891,15.1,91,88,1.34,ZA,1679859296
130,nova odesa,47.3078,31.7851,9.85,78,100,2.12,UA,1679859296
131,immokalee,26.4187,-81.4173,33.32,56,25,5.32,US,1679859113
132,antofagasta,-23.65,-70.4,23.6,74,19,3.45,CL,1679859105
133,tagbac,7.089,125.1567,21.25,90,82,1.27,PH,1679859297
134,hobart,-42.8794,147.3294,12.92,83,75,2.57,AU,1679859234
135,vagur,61.4732,-6.8119,2.27,47,97,5.79,FO,1679859297
136,salalah,17.0151,54.0924,27.05,78,20,3.6,OM,1679859298
137,rocky mountain house,52.3668,-114.9188,0.06,55,100,3.09,CA,1679859298
138,hasaki,35.7333,140.8333,11.79,76,100,6.85,JP,1679859298
139,souillac,-20.5167,57.5167,26.21,83,75,5.14,MU,1679859299
140,jalu,29.0331,21.5482,19.53,40,0,4.94,LY,1679859299
141,vostok,46.4856,135.8833,-8.0,88,99,1.96,RU,1679859299
142,marawi,7.9986,124.2928,19.94,96,98,0.23,PH,1679859300
143,butaritari,3.0707,172.7902,27.71,77,72,8.89,KI,1679859300
144,inhambane,-23.865,35.3833,25.99,78,20,1.87,MZ,1679859301
145,ribeira grande,38.5167,-28.7,15.43,88,75,12.52,PT,1679859301
146,rocha,-34.4833,-54.3333,20.7,67,65,5.86,UY,1679859146
147,hatsukaichi,34.35,132.3333,7.97,86,57,2.2,JP,1679859301
148,bengkulu,-3.8004,102.2655,24.5,86,100,2.25,ID,1679859302
149,voh,-20.9667,164.7,25.11,90,80,1.31,NC,1679859302
150,saint anthony,45.0205,-93.218,6.25,49,20,3.6,US,1679859302
151,neuquen,-38.9516,-68.0591,27.94,23,0,5.14,AR,1679859019
152,port augusta,-32.5,137.7667,23.54,55,100,1.73,AU,1679859303
153,ormara,25.2088,64.6357,24.16,65,0,5.52,PK,1679859303
154,shimoda,34.6667,138.95,12.84,84,59,3.88,JP,1679859304
155,motygino,58.1831,94.7592,1.32,100,100,4.95,RU,1679859304
156,lorengau,-2.0226,147.2712,27.29,77,87,2.88,PG,1679859305
157,axim,4.8699,-2.2405,27.25,79,100,2.77,GH,1679859305
158,santa vitoria do palmar,-33.5189,-53.3681,22.53,59,2,6.32,BR,1679859163
159,vila velha,-20.3297,-40.2925,29.97,70,20,7.2,BR,1679859306
160,oda,35.1833,132.5,8.44,81,86,2.69,JP,1679859306
161,ponta delgada,37.7333,-25.6667,17.4,94,75,9.26,PT,1679859306
162,lebu,-37.6167,-73.65,15.55,66,20,5.82,CL,1679859307
163,oksfjord,70.2396,22.3479,-4.9,86,98,1.29,NO,1679859307
164,qeshm,26.9581,56.2719,22.93,82,92,5.65,IR,1679859307
165,uige,-7.6087,15.0613,19.53,98,80,0.42,AO,1679859308
166,edgewater,28.9889,-80.9023,34.05,43,40,5.66,US,1679859082
167,nyurba,63.2842,118.3319,-2.92,92,100,4.99,RU,1679859308
168,aykhal,66.0,111.5,-17.17,100,97,0.87,RU,1679859309
169,sann,26.0418,68.1378,21.95,35,0,1.2,PK,1679859309
170,bontang,0.1333,117.5,24.64,91,100,2.52,ID,1679859310
171,nikolskoye,59.7035,30.7861,-0.05,96,100,2.68,RU,1679859310
172,upata,8.0086,-62.3989,29.0,49,100,4.65,VE,1679859310
173,chuy,-33.6971,-53.4616,21.96,62,3,6.44,UY,1679859311
174,mweka,-4.85,21.5667,20.59,97,85,0.84,CD,1679859311
175,alexandria,31.2156,29.9553,16.3,79,0,4.18,EG,1679859312
176,linxia,35.6003,103.2064,2.96,62,98,1.09,CN,1679859312
177,santiago de las vegas,22.97,-82.3869,30.79,52,40,3.6,CU,1679859313
178,belaya gora,68.5333,146.4167,-25.46,100,92,2.71,RU,1679859313
179,verkhnevilyuysk,63.4453,120.3167,-2.88,89,100,4.99,RU,1679859314
180,neiafu,-18.65,-173.9833,25.38,94,75,0.0,TO,1679859314
181,thompson,55.7435,-97.8558,-14.91,51,0,4.12,CA,1679859315
182,tarbes,43.25,0.1667,10.83,79,75,11.83,FR,1679859315
183,ures,29.4333,-110.4,24.53,11,0,3.19,MX,1679859316
184,kudeyevskiy,54.8758,56.7567,4.21,98,100,3.75,RU,1679859316
185,tungor,53.3808,142.9564,-11.01,92,6,2.65,RU,1679859317
186,myaundzha,63.0494,147.1858,-27.94,100,98,1.19,RU,1679859318
187,ateptsevo,55.3236,36.75,6.25,96,100,3.1,RU,1679859318
188,kano,12.0001,8.5167,28.94,26,0,2.06,NG,1679859319
189,fayetteville,35.0527,-78.8784,19.16,94,100,4.63,US,1679859125
190,ovsyanka,55.9575,92.5519,7.54,85,100,5.74,RU,1679859319
191,coxim,-18.5067,-54.76,30.38,65,28,1.66,BR,1679859320
192,nouadhibou,20.931,-17.0347,26.99,39,0,6.17,MR,1679859320
193,belyy yar,53.6039,91.3903,1.03,75,61,1.0,RU,1679859321
194,svetlogorsk,52.6333,29.7333,6.47,86,36,3.85,BY,1679859322
195,avarua,-21.2078,-159.775,28.03,78,20,3.6,CK,1679859322
196,yinchuan,38.4681,106.2731,6.56,13,0,1.17,CN,1679859322
197,sitka,57.0531,-135.33,5.94,52,0,2.57,US,1679859198
198,gogrial,8.5332,28.1004,30.42,18,58,2.2,SS,1679859323
199,upernavik,72.7868,-56.1549,-23.92,86,59,3.86,GL,1679859324
200,san patricio,28.017,-97.5169,29.05,61,100,5.13,US,1679859324
201,vila,42.0304,-8.1588,6.49,88,0,0.45,PT,1679859280
202,san quintin,30.4833,-115.95,16.33,51,2,8.11,MX,1679859325
203,cockburn town,21.4612,-71.1419,26.98,61,40,6.17,TC,1679859325
204,batagay-alyta,67.8006,130.4114,-18.91,86,100,1.83,RU,1679859326
205,ayan,56.45,138.1667,-11.43,86,36,2.58,RU,1679859326
206,kruisfontein,-34.0033,24.7314,14.94,75,65,2.62,ZA,1679859327
207,helong,42.5397,128.9972,-3.0,53,0,1.76,CN,1679859327
208,cozumel,20.5083,-86.9458,30.04,68,75,5.36,MX,1679859185
209,dingle,10.9995,122.6711,23.98,89,100,3.04,PH,1679859328
210,assiniboia,49.6334,-105.9845,-7.1,86,100,2.06,CA,1679859328
211,lucapa,-8.4192,20.7447,19.64,96,100,1.41,AO,1679859328
212,cayenne,4.9333,-52.3333,26.02,83,75,2.57,GF,1679859329
213,port hardy,50.6996,-127.4199,7.1,70,75,6.17,CA,1679859330
214,yerbogachen,61.2767,108.0108,0.36,98,100,4.1,RU,1679859330
215,carlsbad,33.1581,-117.3506,19.52,64,0,4.63,US,1679859035
216,maragogi,-9.0122,-35.2225,26.15,82,93,4.73,BR,1679859330
217,saint-joseph,-21.3667,55.6167,24.21,81,41,5.88,RE,1679859331
218,andenes,69.3143,16.1194,-3.01,59,39,3.6,NO,1679859331
219,ixtapa,20.7,-105.2,23.57,69,75,5.14,MX,1679859332
220,egvekinot,66.3167,-179.1667,-21.14,99,99,1.78,RU,1679859332
221,port lincoln,-34.7333,135.8667,17.54,92,39,5.95,AU,1679859332
222,pisco,-13.7,-76.2167,27.03,65,0,10.8,PE,1679859333
223,skjervoy,70.0311,20.9714,-9.0,66,100,3.35,NO,1679859333
224,emerald,-23.5333,148.1667,19.63,88,4,3.17,AU,1679859333
225,umm lajj,25.0213,37.2685,21.4,66,0,4.19,SA,1679859334
226,ballina,-28.8667,153.5667,19.32,92,100,2.01,AU,1679859334
227,herat,34.5,62.0,15.11,34,2,3.29,AF,1679859047
228,santiago de cao,-7.9589,-79.2392,30.07,66,0,5.14,PE,1679859335
229,ilulissat,69.2167,-51.1,-9.99,67,20,2.57,GL,1679859335
230,praia da vitoria,38.7333,-27.0667,18.14,82,75,15.61,PT,1679859336
231,asyut,27.181,31.1837,19.1,25,0,4.14,EG,1679859336
232,morondava,-20.2833,44.2833,27.02,79,10,3.49,MG,1679859336
233,chegdomyn,51.1167,133.0167,-12.16,97,54,0.6,RU,1679859337
234,santa cruz de la palma,28.6835,-17.7642,21.08,83,0,5.66,ES,1679859337
235,korem,12.5058,39.5228,13.63,87,100,2.03,ET,1679859337
236,asau,46.4333,26.4,6.51,71,2,2.32,RO,1679859338
237,geraldton,-28.7667,114.6,18.23,82,0,3.6,AU,1679859110
238,oranjemund,-28.55,16.4333,17.31,86,0,6.28,NA,1679859338
239,qobustan,40.0824,49.412,12.73,60,100,0.59,AZ,1679859338
240,talnakh,69.4865,88.3972,-20.88,99,100,2.17,RU,1679859341
241,basco,20.4487,121.9702,24.16,83,100,10.93,PH,1679859342
242,sumbe,-11.2061,13.8437,25.42,86,100,1.59,AO,1679859342
243,ketchikan,55.3422,-131.6461,7.26,61,0,2.57,US,1679859342
244,saint george,37.1041,-113.5841,11.91,30,0,4.12,US,1679859331
245,broome,42.2506,-75.833,13.72,28,0,7.2,US,1679859343
246,pueblo,38.2545,-104.6091,8.6,22,0,3.13,US,1679859076
247,college,64.8569,-147.8028,-3.85,45,100,3.09,US,1679859343
248,katsuura,35.1333,140.3,12.06,73,100,6.08,JP,1679859343
249,grand bank,47.0999,-55.765,3.0,78,96,4.33,CA,1679859344
250,tazovskiy,67.4667,78.7,-10.74,95,100,5.17,RU,1679859344
251,borisoglebsk,51.3671,42.0849,10.8,82,100,4.86,RU,1679859344
252,waipawa,-41.4122,175.5153,12.31,81,35,2.01,NZ,1679859345
253,sioux lookout,50.1001,-91.917,-0.96,47,20,1.03,CA,1679859345
254,kambove,-10.8764,26.5969,16.46,98,100,1.48,CD,1679859345
255,yakeshi,49.2833,120.7333,-18.57,99,16,1.03,CN,1679859346
256,touros,-5.1989,-35.4608,26.89,78,82,4.21,BR,1679859240
257,oranjestad,12.524,-70.027,30.97,58,20,11.83,AW,1679859346
258,antsohihy,-14.8796,47.9875,23.47,98,100,0.55,MG,1679859347
259,panzhihua,26.5851,101.7128,13.99,57,1,0.87,CN,1679859347
260,hami,42.8,93.45,10.36,21,0,1.36,CN,1679859347
261,biograd na moru,43.9433,15.4519,16.53,80,97,11.66,HR,1679859348
262,sao filipe,14.8961,-24.4956,21.96,70,43,3.59,CV,1679859348
263,hohhot,40.8106,111.6522,-0.61,45,0,3.0,CN,1679859348
264,palaikastron,35.2,26.25,15.31,80,0,3.69,GR,1679859349
265,murdochville,48.9583,-65.5006,-2.51,92,100,4.69,CA,1679859349
266,keningau,5.3378,116.1602,21.47,99,97,0.32,MY,1679859349
267,valley city,46.9233,-98.0032,-6.71,100,0,4.12,US,1679859074
268,mae sai,20.4335,99.8762,21.87,37,3,1.22,TH,1679859350
269,fairbanks,64.8378,-147.7164,-4.55,46,75,3.09,US,1679859094
270,itacarambi,-15.1022,-44.0919,33.59,33,86,3.2,BR,1679859350
271,valle de allende,26.9333,-105.4,27.0,7,58,5.93,MX,1679859351
272,ratnagiri,16.9833,73.3,22.99,71,8,3.65,IN,1679859351
273,naze,28.3667,129.4833,16.51,70,100,5.17,JP,1679859351
274,laramie,41.3114,-105.5911,-1.69,28,0,4.12,US,1679859095
275,moerai,-22.4333,-151.3333,25.66,76,98,5.54,PF,1679859352
276,cherskiy,68.75,161.3,-18.29,97,100,6.01,RU,1679859352
277,pochutla,15.7432,-96.4661,32.68,39,0,4.37,MX,1679859352
278,flinders,-34.5833,150.8552,20.66,89,100,0.89,AU,1679859353
279,san juan del sur,11.2529,-85.8705,29.12,70,20,3.09,NI,1679859353
280,male,4.1748,73.5089,27.97,89,75,2.57,MV,1679859106
281,gomel,52.4345,30.9754,5.99,93,0,4.0,BY,1679859300
282,kodiak,57.79,-152.4072,1.73,80,0,0.0,US,1679859354
283,bamban,15.6747,120.3315,23.57,89,27,1.39,PH,1679859354
284,mehamn,71.0357,27.8492,-2.05,59,75,5.14,NO,1679859354
285,chihuahua,28.5,-106.0,21.46,8,9,6.19,MX,1679859090
286,isangel,-19.55,169.2667,26.89,85,91,6.97,VU,1679859355
287,ostersund,63.1792,14.6357,-6.75,68,0,3.09,SE,1679859355
288,valleyview,55.0667,-117.2859,-1.98,64,100,5.66,CA,1679859355
289,merauke,-8.4667,140.3333,26.69,84,100,5.38,ID,1679859356
290,klaksvik,62.2266,-6.589,-0.49,51,99,6.15,FO,1679859356
291,ventspils,57.3894,21.5606,3.96,100,100,2.57,LV,1679859356
292,pio xii,-3.8325,-45.1525,26.72,92,72,1.69,BR,1679859357
293,honningsvag,70.9821,25.9704,-2.14,69,75,5.14,NO,1679859102
294,labuhan,-6.8844,112.2051,25.5,88,97,2.73,ID,1679859357
295,porto novo,6.4965,2.6036,28.9,73,100,3.85,BJ,1679859357
296,greytown,-29.0642,30.5928,13.22,97,100,2.36,ZA,1679859358
297,along,28.1667,94.7667,16.08,97,96,0.52,IN,1679859358
298,poso,-1.3959,120.7524,23.94,95,100,1.12,ID,1679859358
299,rio do sul,-27.2142,-49.6431,29.66,43,34,2.34,BR,1679859359
300,leirvik,59.7798,5.5005,2.02,51,4,9.82,NO,1679859359
301,taoudenni,22.6783,-3.9836,30.73,14,79,5.22,ML,1679859360
302,srednekolymsk,67.45,153.6833,-27.35,99,64,3.89,RU,1679859360
303,biggar,55.6167,-3.5167,3.49,97,54,1.88,GB,1679859360
304,baruun-urt,46.6806,113.2792,-4.38,72,7,2.15,MN,1679859360
305,ordynskoye,54.3656,81.8994,-0.05,86,3,4.08,RU,1679859361
306,erattupetta,9.7,76.7833,23.68,96,44,0.42,IN,1679859361
307,havelock,34.8791,-76.9013,20.97,90,40,3.09,US,1679859192
308,uruzgan,32.8333,66.0,11.58,59,49,0.58,AF,1679859362
309,tukrah,32.5341,20.5791,14.56,84,4,1.78,LY,1679859363
310,umba,66.6871,34.3429,-16.83,99,24,1.9,RU,1679859364
311,galle,6.0367,80.217,25.38,85,11,1.33,LK,1679859364
312,pangnirtung,66.1451,-65.7125,-10.0,62,100,2.57,CA,1679859365
313,chapais,49.7834,-74.8492,0.88,100,100,1.45,CA,1679859365
314,sharkan,57.2989,53.8712,4.67,99,100,3.43,RU,1679859366
315,takoradi,4.8845,-1.7554,27.33,79,100,2.8,GH,1679859366
316,wejherowo,54.6057,18.2356,4.66,84,41,2.68,PL,1679859366
317,palmas bellas,9.2319,-80.0867,28.47,68,16,5.37,PA,1679859367
318,vendas novas,38.6771,-8.4579,10.68,67,31,3.17,PT,1679859367
319,hailun,47.45,126.9333,-2.31,40,0,3.08,CN,1679859367
320,buchanan,5.8808,-10.0467,26.41,87,98,2.5,LR,1679859275
321,evensk,61.95,159.2333,-24.63,79,4,2.55,RU,1679859368
322,kahului,20.8947,-156.47,26.58,66,20,3.58,US,1679859369
323,arkhangelsk,64.5401,40.5433,-11.94,92,40,1.0,RU,1679859369
324,neepawa,50.2289,-99.4664,-4.78,93,81,3.9,CA,1679859369
325,faanui,-16.4833,-151.75,27.71,74,88,4.4,PF,1679859370
326,byron bay,-28.65,153.6167,19.28,92,100,1.64,AU,1679859370
327,beisfjord,68.3751,17.5988,-9.5,58,6,3.46,NO,1679859370
328,lushnje,40.9419,19.705,13.19,70,97,1.73,AL,1679859371
329,bow island,49.8668,-111.3684,1.1,100,100,1.54,CA,1679859371
330,saldanha,-33.0117,17.9442,17.03,75,0,5.88,ZA,1679859372
331,bairiki,1.3292,172.9752,27.43,74,46,8.73,KI,1679859372
332,grants,35.1473,-107.8514,5.13,30,40,6.69,US,1679859373
333,ust-nera,64.5667,143.2,-17.38,99,100,2.17,RU,1679859373
334,seoul,37.5683,126.9778,2.69,54,0,2.06,KR,1679859271
335,bilma,18.6853,12.9164,24.86,16,0,2.96,NE,1679859373
336,torbay,47.6666,-52.7314,2.38,93,100,7.2,CA,1679859363
337,chifeng,42.2683,118.9636,1.06,24,84,4.0,CN,1679859374
338,olafsvik,64.8945,-23.7142,-1.99,60,83,7.03,IS,1679859374
339,shunyi,40.125,116.6453,2.97,60,0,3.0,CN,1679859374
340,burnie,-41.0667,145.9167,12.75,91,100,3.39,AU,1679859375
341,nagua,19.3832,-69.8474,31.17,61,20,4.12,DO,1679859375
342,khunti,23.0833,85.2833,23.4,46,25,1.51,IN,1679859376
343,banjar,-8.19,114.9675,24.75,85,92,1.11,ID,1679859376
344,ust-omchug,61.15,149.6333,-24.71,94,98,1.32,RU,1679859377
345,hambantota,6.1241,81.1185,26.55,76,38,1.03,LK,1679859377
346,leningradskiy,69.3833,178.4167,-13.68,83,100,4.55,RU,1679859378
347,sao felix do xingu,-6.6447,-51.995,28.16,79,92,0.8,BR,1679859310
348,altay,47.8667,88.1167,-0.51,55,48,4.08,CN,1679859378
349,kastamonu,41.5,33.6667,8.02,77,100,2.94,TR,1679859379
350,sarandi,-23.4436,-51.8739,32.75,46,40,5.14,BR,1679859379
351,sangmelima,2.9333,11.9833,19.76,90,100,0.66,CM,1679859379
352,dunedin,-45.8742,170.5036,14.89,89,39,2.23,NZ,1679859380
353,raudeberg,61.9875,5.1352,-0.63,63,100,9.81,NO,1679859380
354,khon buri,14.5254,102.2459,30.85,81,0,2.5,TH,1679859381
355,sungaipenuh,-2.0833,101.3833,19.04,85,99,0.75,ID,1679859381
356,okhotsk,59.3833,143.3,-18.99,96,47,2.47,RU,1679859173
357,barinas,8.6226,-70.2075,38.02,30,65,1.54,VE,1679859382
358,kloulklubed,7.0419,134.2556,24.28,72,100,4.81,PW,1679859382
359,tocopilla,-22.092,-70.1979,23.14,75,96,2.91,CL,1679859113
360,marsh harbour,26.5412,-77.0636,25.3,75,12,5.46,BS,1679859362
361,port blair,11.6667,92.75,26.02,89,40,0.0,IN,1679859383
362,kilindoni,-7.9139,39.6668,27.35,77,100,3.31,TZ,1679859383
363,acapulco,16.8634,-99.8901,29.9,62,0,5.66,MX,1679859132
364,zyryanka,65.75,150.85,-24.23,89,91,4.55,RU,1679859383
365,gamba,-2.65,10.0,25.09,86,100,2.76,GA,1679859384
366,saint-ambroise,48.5501,-71.3324,4.3,86,100,4.12,CA,1679859384
367,chara,56.9064,118.2631,-10.78,76,100,0.26,RU,1679859385
368,impfondo,1.6381,18.0667,23.73,78,67,1.05,CG,1679859386
369,westport,41.1415,-73.3579,17.31,26,0,9.26,US,1679859387
370,srednebelaya,50.6594,128.0106,-2.79,69,22,0.96,RU,1679859387
371,oshawa,43.9001,-78.8496,9.82,37,0,6.69,CA,1679859388
372,hovd,48.0056,91.6419,0.13,40,7,0.7,MN,1679859388
373,bluefield,37.2698,-81.2223,20.92,26,0,2.06,US,1679859239
374,salym,60.0625,71.4789,3.33,95,100,4.53,RU,1679859388
375,znamenskoye,57.1281,73.8282,2.04,99,100,2.96,RU,1679859389
376,alta floresta,-9.8756,-56.0861,34.9,49,75,1.03,BR,1679859389
377,mangan,27.5167,88.5333,13.83,74,28,2.71,IN,1679859390
378,atar,20.5169,-13.0499,30.06,9,0,4.74,MR,1679859390
379,marzuq,14.4,46.4667,22.38,72,31,3.54,YE,1679859391
380,lethem,3.3803,-59.7968,36.14,27,92,3.21,GY,1679859391
381,wuwei,37.9281,102.6414,5.13,31,58,1.21,CN,1679859392
382,filingue,14.3521,3.3168,30.61,14,1,4.43,NE,1679859392
383,mahanoro,-19.9,48.8,24.06,88,10,0.99,MG,1679859392
384,boquete,8.7833,-82.4333,24.78,70,51,2.53,PA,1679859393
385,santa isabel do rio negro,-0.4139,-65.0192,30.52,58,98,0.61,BR,1679859393
386,saint-georges,12.0564,-61.7485,29.82,51,20,10.29,GD,1679859300
387,tamandare,-8.7597,-35.1047,26.62,79,84,4.84,BR,1679859393
388,haian,32.5436,120.45,5.94,65,100,1.7,CN,1679859394
389,springbok,-29.6643,17.8865,18.97,31,0,4.75,ZA,1679859394
390,gizo,-8.103,156.8419,27.42,75,18,2.31,SB,1679859394
391,alice springs,-23.7,133.8833,26.75,32,6,1.54,AU,1679859395
392,ocampo,21.65,-101.5,25.88,11,86,6.72,MX,1679859395
393,faya,18.3851,42.4509,16.06,73,94,6.18,SA,1679859395
394,rivadavia,-33.1905,-68.4608,26.21,32,0,3.13,AR,1679859396
395,henties bay,-22.116,14.2845,16.46,91,60,2.73,NA,1679859396
396,yumen,40.2833,97.2,6.68,19,100,3.25,CN,1679859397
397,grand forks,47.9417,-97.4337,-3.04,59,0,3.09,US,1679859397
398,sept-iles,50.2001,-66.3821,-0.53,87,100,7.72,CA,1679859329
399,boende,-0.2167,20.8667,23.14,85,88,1.29,CD,1679859397
400,ambon,-3.6954,128.1814,24.08,94,75,1.54,ID,1679859398
401,juli,-16.2167,-69.45,10.88,51,83,4.03,PE,1679859398
402,asilah,35.465,-6.0348,17.98,76,100,2.72,MA,1679859398
403,khandbari,27.3747,87.2039,15.78,49,6,2.39,NP,1679859399
404,rockhampton,-23.3833,150.5,22.94,83,40,3.09,AU,1679859399
405,agadez,19.75,10.25,21.7,16,0,2.34,NE,1679859399
406,teya,60.3778,92.6267,1.72,97,100,5.08,RU,1679859400
407,kalaleh,37.3807,55.4916,14.2,42,100,1.76,IR,1679859400
408,rabaul,-4.1967,152.1721,25.6,80,9,2.01,PG,1679859400
409,sault sainte marie,46.5168,-84.3333,4.31,74,0,8.23,CA,1679859108
410,jacqueville,5.2052,-4.4146,27.3,85,99,5.38,CI,1679859401
411,kyren,51.6828,102.1408,-3.35,78,5,1.04,RU,1679859401
412,wanning,18.8003,110.3967,24.14,90,31,2.78,CN,1679859402
413,karratha,-20.7377,116.8463,28.74,70,36,2.8,AU,1679859402
414,waddan,29.1614,16.139,20.0,26,0,4.18,LY,1679859402
415,georgiyevka,43.0369,74.7114,8.02,76,92,2.0,KZ,1679859403
416,ca mau,9.1769,105.15,24.58,82,67,1.49,VN,1679859403
417,carutapera,-1.195,-46.02,27.36,79,82,3.22,BR,1679859403
418,buala,-8.145,159.5921,26.8,82,76,2.64,SB,1679859404
419,tiksi,71.6872,128.8694,-17.11,96,100,2.78,RU,1679859404
420,makakilo city,21.3469,-158.0858,26.18,64,0,4.12,US,1679859404
421,gympie,-26.1898,152.665,19.53,93,74,0.57,AU,1679859405
422,beringovskiy,63.05,179.3167,-18.72,96,29,2.12,RU,1679859405
423,la salle,41.3334,-89.0918,17.02,62,100,3.13,US,1679859405
424,palekh,56.8028,41.8572,7.82,94,100,3.92,RU,1679859406
425,prainha,-1.8,-53.48,26.85,88,77,1.1,BR,1679859406
426,vardo,70.3705,31.1107,-3.01,74,40,8.23,NO,1679859406
427,manokwari,-0.8667,134.0833,25.48,80,98,1.93,ID,1679859407
428,ekibastuz,51.6667,75.3667,4.48,81,100,5.81,KZ,1679859407
429,mountain home,43.133,-115.6912,4.68,57,75,10.29,US,1679859407
430,vila franca do campo,37.7167,-25.4333,17.23,93,100,10.74,PT,1679859408
431,neryungri,56.6709,124.6491,-21.17,97,27,1.96,RU,1679859409
432,yulara,-25.2406,130.9889,18.86,85,65,3.16,AU,1679859409
433,garden city,42.3256,-83.331,14.0,39,75,6.17,US,1679859409
434,cabo san lucas,22.8909,-109.9124,25.9,45,20,3.09,MX,1679859410
435,ruteng,-8.6136,120.4721,17.08,93,89,0.26,ID,1679859410
436,san,13.3034,-4.8956,33.29,8,7,3.84,ML,1679859411
437,abbeville,50.1,1.8333,7.92,77,96,6.46,FR,1679859409
438,kolokani,13.5728,-8.0339,32.31,10,4,0.29,ML,1679859411
439,derbent,42.0678,48.2899,12.84,68,96,4.95,RU,1679859411
440,vao,-22.6667,167.4833,25.37,86,5,3.01,NC,1679859412
441,tigre,-34.426,-58.5796,24.58,40,0,2.57,AR,1679859412
442,konispol,39.6589,20.1814,12.53,79,11,0.88,AL,1679859412
443,opochka,56.7105,28.6617,3.62,94,70,1.74,RU,1679859413
444,chandler,33.3062,-111.8412,20.35,22,0,5.66,US,1679858900
445,awjilah,29.1081,21.2869,18.96,44,0,4.91,LY,1679859413
446,zernograd,46.8452,40.3083,8.69,93,61,2.28,RU,1679859414
447,kidal,18.4411,1.4078,27.71,11,0,5.22,ML,1679859414
448,mocuba,-16.8392,36.9856,21.72,89,100,0.47,MZ,1679859415
449,entebbe,0.0644,32.4469,20.18,88,40,3.09,UG,1679859415
450,moissala,8.3404,17.7663,27.18,20,91,1.43,TD,1679859415
451,sao jose da coroa grande,-8.8978,-35.1478,26.54,80,85,4.97,BR,1679859416
452,myskhako,44.6714,37.7433,8.88,95,100,3.72,RU,1679859416
453,samarai,-10.6167,150.6667,27.93,79,99,5.99,PG,1679859416
454,abeche,13.8292,20.8324,26.76,18,2,5.18,TD,1679859417
455,batemans bay,-35.7167,150.1833,19.5,95,100,1.75,AU,1679859417
456,liuzhou,24.3126,109.3892,13.07,85,100,4.7,CN,1679859417
457,namtsy,62.7161,129.6658,-15.62,98,97,2.45,RU,1679859418
458,adrar,20.5022,-10.0711,26.07,6,0,3.93,MR,1679859418
459,araouane,18.9048,-3.5265,28.25,10,76,0.63,ML,1679859418
460,baherden,38.4362,57.4316,19.79,21,81,2.75,TM,1679859419
461,oshikango,-17.4,15.8833,21.33,81,94,3.11,NA,1679859419
462,ahar,38.4774,47.0699,11.97,66,100,4.2,IR,1679859420
463,sola,-13.8833,167.55,27.55,73,100,1.82,VU,1679859420
464,iqaluit,63.7506,-68.5145,-9.15,78,40,4.63,CA,1679859420
465,ossora,59.2353,163.0719,-22.06,81,2,2.99,RU,1679859421
466,zheleznodorozhnyy,55.7503,38.0042,6.31,98,100,3.71,RU,1679859421
467,yenagoa,4.9247,6.2642,25.45,88,95,1.67,NG,1679859421
468,la rioja,42.25,-2.5,8.88,81,3,2.65,ES,1679859422
469,pedro ii,-4.4247,-41.4586,23.63,89,70,1.95,BR,1679859422
470,surin,14.8818,103.4936,31.07,87,1,2.86,TH,1679859423
471,suntar,62.1444,117.6319,-2.71,91,100,3.77,RU,1679859423
472,itarema,-2.9248,-39.9167,27.07,80,14,2.77,BR,1679859424
473,candolim,15.5181,73.7626,25.0,69,2,5.14,IN,1679859424
474,komsomolets,53.7453,62.0708,2.6,100,100,4.15,KZ,1679859424
475,chik,54.9928,82.4311,2.86,70,0,5.0,RU,1679859425
476,sorland,67.667,12.6934,-0.08,52,6,5.97,NO,1679859425
477,kenai,60.5544,-151.2583,-2.14,58,0,2.57,US,1679859426
478,aviles,43.5547,-5.9248,13.28,78,40,6.17,ES,1679859376
479,manggar,-2.8833,108.2667,25.94,83,96,2.04,ID,1679859426
480,luau,-10.7073,22.2247,19.16,98,100,1.33,AO,1679859427
481,quelimane,-17.8786,36.8883,25.97,89,20,2.57,MZ,1679859427
482,coronado,32.6859,-117.1831,19.73,56,20,5.81,US,1679859428
483,lavrentiya,65.5833,-171.0,-7.05,96,47,5.44,RU,1679859428
484,nishihara,26.1842,127.7558,18.6,91,75,3.09,JP,1679859428
485,abha,18.2164,42.5053,15.9,88,40,5.14,SA,1679859429
486,nicholasville,37.8806,-84.573,20.77,32,0,3.09,US,1679859429
487,privas,44.5833,4.5,11.4,84,100,2.12,FR,1679859429
488,batouri,4.4333,14.3667,23.83,69,67,0.66,CM,1679859430
489,gohad,26.4261,78.4447,23.54,35,20,3.28,IN,1679859430
490,nevsehir,38.9167,34.6667,10.56,54,75,1.03,TR,1679859431
491,puerto madryn,-42.7692,-65.0385,23.36,30,5,4.42,AR,1679859432
492,gold coast,-28.0,153.4333,21.67,95,75,0.0,AU,1679859432
493,glens falls,43.3095,-73.644,11.21,49,75,3.6,US,1679859433
494,conway,35.0887,-92.4421,25.85,41,45,1.39,US,1679859357
495,robertsport,6.7533,-11.3686,26.63,81,100,4.38,LR,1679859434
496,hirara,24.8,125.2833,19.92,94,75,7.72,JP,1679859434
497,zhanaozen,43.3,52.8,16.1,20,10,6.78,KZ,1679859435
498,sawtell,-30.3833,153.1,18.44,94,39,2.57,AU,1679859435
499,azangaro,-14.9167,-70.2167,13.42,52,100,2.24,PE,1679859436
500,ngorongoro,-3.2397,35.4875,12.43,95,100,1.61,TZ,1679859436
501,kalmunai,7.4167,81.8167,24.82,84,6,1.86,LK,1679859436
502,turukhansk,65.8167,87.9833,-11.6,95,100,1.91,RU,1679859437
503,dakar,14.6937,-17.4441,26.49,83,0,8.23,SN,1679858795
504,bolgatanga,10.7856,-0.8514,35.44,20,100,1.87,GH,1679859437
505,uromi,6.7,6.3333,25.44,74,97,1.83,NG,1679859438
506,la orilla,17.9833,-102.2333,28.07,51,36,5.08,MX,1679859438
507,alamogordo,32.8995,-105.9603,16.89,22,0,4.63,US,1679859438
508,kirgiz-miyaki,53.6324,54.7979,2.91,99,94,2.96,RU,1679859439
509,wenling,28.3669,121.36,9.3,70,78,3.62,CN,1679859439
510,fremont,37.5483,-121.9886,14.15,45,0,3.6,US,1679858842
511,khuzhir,53.1939,107.3397,-3.75,87,100,2.09,RU,1679859440
512,moose factory,51.2585,-80.6094,-2.0,74,100,7.72,CA,1679859440
513,coripata,-16.3,-67.6,19.32,88,100,1.4,BO,1679859440
514,santa fe,-31.6333,-60.7,27.23,51,0,2.68,AR,1679859441
515,ilhabela,-23.7781,-45.3581,26.71,79,86,1.81,BR,1679859441
516,lieksa,63.3167,30.0167,-8.5,86,88,4.55,FI,1679859442
517,port-gentil,-0.7193,8.7815,25.98,94,75,1.54,GA,1679859442
518,beeville,28.4008,-97.7483,31.46,65,100,0.0,US,1679859200
519,yarim,14.298,44.3779,14.75,72,33,1.78,YE,1679859442
520,lakes entrance,-37.8811,147.981,15.86,94,100,1.84,AU,1679859443
521,laela,-8.5667,32.05,15.77,96,56,1.14,TZ,1679859443
522,xuddur,4.1213,43.8894,27.45,62,68,4.67,SO,1679859443
523,dubai,25.2582,55.3047,26.96,50,0,3.6,AE,1679859072
524,venezuela,8.0,-66.0,36.94,24,89,5.72,VE,1679859444
525,livani,56.3543,26.1758,5.8,92,98,2.62,LV,1679859444
526,tortoli,39.9256,9.6572,18.9,59,20,10.29,IT,1679859445
527,kismayo,-0.3582,42.5454,27.74,79,13,3.59,SO,1679859445
528,awbari,26.5921,12.7805,20.26,16,0,1.85,LY,1679859445
529,paramirim,-13.4425,-42.2389,28.1,52,90,2.51,BR,1679859446
530,tahta,26.7693,31.5021,19.34,24,0,3.38,EG,1679859446
531,victoria,22.2855,114.1577,19.62,94,100,0.89,HK,1679859246
532,de-kastri,51.4667,140.7833,-9.66,95,40,0.58,RU,1679859447
533,dudinka,69.4058,86.1778,-23.34,100,100,1.04,RU,1679859447
534,asfi,32.2994,-9.2372,17.64,74,98,8.82,MA,1679859448
535,revuca,48.6835,20.1173,7.48,77,100,0.48,SK,1679859448
536,surovikino,48.6078,42.8486,10.93,86,100,2.43,RU,1679859448
537,gasa,31.5,34.4667,13.82,81,0,1.51,PS,1679859449
538,mbanza-ngungu,-5.25,14.8667,20.18,95,100,1.12,CD,1679859449
539,derzhavinsk,51.1,66.3167,0.59,97,100,3.44,KZ,1679859449
540,balikpapan,-1.2675,116.8289,25.55,94,20,2.06,ID,1679859450
541,champerico,14.3,-91.9167,34.3,56,3,4.01,GT,1679859450
542,portland,45.5234,-122.6762,9.89,69,100,5.66,US,1679859156
543,luderitz,-26.6481,15.1594,18.7,71,0,6.63,NA,1679859451
544,kuryk,43.2,51.65,14.04,41,5,4.04,KZ,1679859451
545,auch,43.65,0.5833,11.81,81,100,4.92,FR,1679859451
546,monte alegre,-2.0078,-54.0692,26.9,86,43,0.76,BR,1679859368
547,hualmay,-11.0964,-77.6139,26.24,70,11,5.4,PE,1679859452
548,san carlos de bariloche,-41.1456,-71.3082,26.91,16,0,3.09,AR,1679859452
549,skegness,53.1436,0.3363,6.7,72,26,7.97,GB,1679859453
550,teruel,40.6667,-0.6667,5.72,50,0,7.77,ES,1679859453
551,vikhorevka,56.1201,101.1636,4.77,82,100,4.91,RU,1679859454
552,simpang,-1.2667,104.0833,23.64,96,97,0.25,ID,1679859454
553,berlevag,70.8578,29.0864,-2.03,50,75,5.66,NO,1679859455
554,avera,33.194,-82.5271,21.73,77,100,5.89,US,1679859455
555,tuatapere,-46.1333,167.6833,13.16,84,100,2.19,NZ,1679859455
556,lagos,6.5833,3.75,29.18,76,100,2.9,NG,1679859223
557,tautira,-17.7333,-149.15,27.18,73,49,3.06,PF,1679859456
558,zhuhai,22.2769,113.5678,18.88,94,40,4.12,CN,1679859456
559,lisakovsk,52.5369,62.4936,2.21,100,100,3.48,KZ,1679859456
560,surt,31.2089,16.5887,17.7,62,0,2.11,LY,1679859457
561,pringsewu,-5.3582,104.9744,23.12,96,98,0.3,ID,1679859457
562,niquelandia,-14.4739,-48.4597,29.75,60,4,1.29,BR,1679859457
563,kamaishi,39.2667,141.8833,6.12,81,74,4.23,JP,1679859458
564,plettenberg bay,-34.0527,23.3716,15.76,68,97,1.61,ZA,1679859458
565,yarmouth,41.7057,-70.2286,15.08,60,0,7.72,US,1679859415
566,natal,-5.795,-35.2094,28.12,74,75,7.72,BR,1679859250
567,bantry,51.6833,-9.45,9.88,85,7,1.79,IE,1679859459
568,clemmons,36.0215,-80.382,20.38,55,100,3.6,US,1679859459
569,olinda,-8.0089,-34.8553,28.85,65,40,4.63,BR,1679859169
570,abu samrah,35.3029,37.1841,11.65,86,18,3.81,SY,1679859460
571,akonolinga,3.7667,12.25,20.27,96,57,0.5,CM,1679859460
